Time (s),Force (N),Displacement (mm),Strain,Stress (MPa)
0.942,-0.0224,0.0,0.0,0.0
0.994,-0.023200000000000002,0.0,0.0,0.0
1.413,-0.024,0.0,0.0,0.0
1.464,-0.024,0.0,0.0,0.0
1.883,-0.023200000000000002,0.0,0.0,0.0
1.935,-0.0224,0.0,0.0,0.0
2.354,-0.0216,0.0,0.0,0.0
2.405,-0.020800000000000003,0.0,0.0,0.0
2.824,-0.020200000000000003,0.0,0.0,0.0
2.876,-0.0204,0.0,0.0,0.0
3.295,-0.02,0.0,0.0,0.0
3.346,-0.0196,0.0,0.0,0.0
3.766,-0.0198,0.0,0.0,0.0
3.817,-0.0198,0.0,0.0,0.0
4.236,-0.020200000000000003,0.0,0.0,0.0
4.287,-0.0212,0.0,0.0,0.0
4.707,-0.0218,0.0,0.0,0.0
4.758,-0.0218,0.0,0.0,0.0
5.177,-0.0234,0.0,0.0,0.0
5.228,-0.0246,0.0,0.0,0.0
5.648,-0.0258,0.0,0.0,0.0
5.699,-0.0274,0.0,0.0,0.0
6.118,-0.029200000000000004,0.0,0.0,0.0
6.169,-0.0294,0.0,0.0,0.0
6.589,-0.0294,0.0,0.0,0.0
6.64,-0.0294,0.0,0.0,0.0
7.059,-0.0284,0.0,0.0,0.0
7.11,-0.027200000000000002,0.0,0.0,0.0
7.53,-0.0262,0.0,0.0,0.0
7.581,-0.0254,0.0,0.0,0.0
8.0,-0.0248,0.0,0.0,0.0
8.051,-0.0252,0.0,0.0,0.0
8.471,-0.0254,0.0,0.0,0.0
8.522,-0.0254,0.0,0.0,0.0
8.941,-0.0258,0.0,0.0,0.0
8.992,-0.026000000000000002,0.0,0.0,0.0
9.412,-0.026000000000000002,0.0,0.0,0.0
9.463,-0.0262,0.0,0.0,0.0
9.882,-0.026000000000000002,0.0,0.0,0.0
9.933,-0.0254,0.0,0.0,0.0
10.352,-0.0254,0.0,0.0,0.0
10.404,-0.0256,0.0,0.0,0.0
10.823,-0.0252,0.0,0.0,0.0
10.874,-0.0252,0.0,0.0,0.0
11.294,-0.0252,0.0,0.0,0.0
11.345,-0.0246,0.0,0.0,0.0
11.764,-0.024,0.0,0.0,0.0
11.814,-0.024,0.00882,0.0,0.0
12.235,-0.0186,0.02758,0.0,0.0
12.285,-0.0132,0.05776,0.0,0.0
12.705,0.0007999999999999997,0.0977,0.0,0.0
12.755,0.014799999999999999,0.14887999999999998,0.0,0.0
13.175,0.0314,0.20118,0.0,0.0
13.225,0.0426,0.2546,0.0,0.0
13.646,0.0576,0.30654,0.0,0.0
13.696,0.064,0.35998,0.0,0.0
14.116,0.1032,0.41212,0.0,0.0
14.166,0.13979999999999998,0.46537999999999996,0.0,0.0
14.587,0.20939999999999998,0.51752,0.0,0.0
14.637,0.2752,0.57058,0.0,0.0
15.057,0.3144,0.62252,0.0,0.0
15.107,0.32080000000000003,0.67538,0.0,0.0
15.528,0.31320000000000003,0.7275,0.0,0.0
15.578,0.2726,0.78056,0.0,0.0
15.998,0.227,0.8328800000000001,0.0,0.0
16.048,0.20800000000000002,0.8859400000000001,0.0,0.0
16.469,0.20659999999999998,0.9384399999999999,0.0,0.0
16.519,0.2192,0.99168,0.0,0.0
16.939,0.2616,1.04418,0.0,0.0
16.989,0.309,1.09742,0.0,0.0
17.411,0.3324,1.1501000000000001,0.0,0.0
17.461,0.33819999999999995,1.20374,0.0,0.0
17.881,0.3312,1.25624,0.0,0.0
17.931,0.2944,1.30986,0.0,0.0
18.352,0.2548,1.36274,0.0,0.0
18.402,0.2392,1.41656,0.0,0.0
18.822,0.22080000000000002,1.46906,0.0,0.0
18.872,0.2152,1.52288,0.0,0.0
19.293,0.2092,1.57556,0.0,0.0
19.343,0.20600000000000002,1.62938,0.0,0.0
19.763,0.20539999999999997,1.68188,0.0,0.0
19.813,0.2076,1.73568,0.0,0.0
20.234,0.219,1.7883600000000002,0.0,0.0
20.284,0.23079999999999998,1.8421800000000002,0.0,0.0
20.704,0.25220000000000004,1.89468,0.0,0.0
20.754,0.271,1.9483000000000001,0.0,0.0
21.175,0.29900000000000004,2.00062,0.0,0.0
21.225,0.31779999999999997,2.0540599999999998,0.0,0.0
21.645,0.33799999999999997,2.1061799999999997,0.0,0.0
21.695,0.34859999999999997,2.15942,0.0,0.0
22.116,0.35,2.21174,0.0,0.0
22.166,0.34219999999999995,2.26536,0.0,0.0
22.586,0.3346,2.31768,0.0,0.0
22.636,0.3256,2.37112,0.0,0.0
23.057,0.333,2.4234400000000003,0.0,0.0
23.107,0.3496,2.47688,0.0,0.0
23.527,0.37520000000000003,2.529,0.0,0.0
23.577,0.4006,2.58226,0.0,0.0
23.998,0.41859999999999997,2.63438,0.0,0.0
24.048,0.4202,2.68782,0.0,0.0
24.468,0.4206,2.73994,0.0,0.0
24.518,0.41200000000000003,2.7932,0.0,0.0
24.939,0.3988,2.84532,0.0,0.0
24.989,0.393,2.8987600000000002,0.0,0.0
25.409,0.3846,2.95088,0.0,0.0
25.459,0.3774,3.00412,0.0,0.0
25.88,0.3694,3.05624,0.0,0.0
25.93,0.366,3.10968,0.0,0.0
26.35,0.3578,3.1618,0.0,0.0
26.4,0.3522,3.21506,0.0,0.0
26.821,0.3426,3.2671799999999998,0.0,0.0
26.871,0.3338,3.3206200000000003,0.0,0.0
27.291,0.319,3.3727400000000003,0.0,0.0
27.341,0.309,3.4259999999999997,0.0,0.0
27.762,0.3064,3.4781199999999997,0.0,0.0
27.812,0.30779999999999996,3.5315600000000003,0.0,0.0
28.232,0.3066,3.5836799999999998,0.0,0.0
28.282,0.3114,3.63692,0.0,0.0
28.703,0.3148,3.68904,0.0,0.0
28.753,0.3108,3.7424799999999996,0.0,0.0
29.173,0.3048,3.7946199999999997,0.0,0.0
29.223,0.3014,3.8480599999999994,0.0,0.0
29.644,0.294,3.90056,0.0,0.0
29.694,0.288,3.9543799999999996,0.0,0.0
30.114,0.292,4.00668,0.0,0.0
30.164,0.298,4.0601,0.0,0.0
30.585,0.3186,4.11222,0.0,0.0
30.635,0.34320000000000006,4.1654800000000005,0.0,0.0
31.055,0.36900000000000005,4.21722,0.0,0.0
31.105,0.38480000000000003,4.27028,0.0,0.0
31.526,0.3778,4.32222,0.0,0.0
31.576,0.3562,4.3751,0.0,0.0
31.996,0.3242,4.42684,0.0,0.0
32.046,0.29100000000000004,4.47972,0.0,0.0
32.467,0.254,4.5316600000000005,0.0,0.0
32.517,0.23979999999999996,4.58454,0.0,0.0
32.937,0.2234,4.63666,0.0,0.0
32.987,0.21739999999999998,4.68954,0.0,0.0
33.408,0.2102,4.74166,0.0,0.0
33.458,0.2068,4.79454,0.0,0.0
33.878,0.1998,4.83692,0.0,0.0
33.931,0.195,4.86918,0.0,0.0
34.35,0.184,4.89056,0.0,0.0
34.401,0.1742,4.901819999999999,0.0,0.0
34.82,0.1594,4.9022,0.0,0.0
34.872,0.1482,4.9022,0.0,0.0
35.291,0.1348,4.9022,0.0,0.0
35.342,0.1276,4.9022,0.0,0.0
35.761,0.11779999999999999,4.9022,0.0,0.0
35.813,0.11299999999999999,4.9022,0.0,0.0
36.232,0.1068,4.9022,0.0,0.0
36.283,0.1028,4.9022,0.0,0.0
36.702,0.0988,4.9022,0.0,0.0
36.754,0.0974,4.9022,0.0,0.0
37.173,0.0958,4.9022,0.0,0.0
37.224,0.09559999999999999,4.9022,0.0,0.0
37.643,0.09459999999999999,4.9022,0.0,0.0
37.695,0.09359999999999999,4.9022,0.0,0.0
38.114,0.09159999999999999,4.9022,0.0,0.0
38.165,0.08979999999999999,4.9022,0.0,0.0
38.584,0.0874,4.9022,0.0,0.0
38.636,0.0858,4.9022,0.0,0.0
39.055,0.08399999999999999,4.9022,0.0,0.0
39.106,0.08320000000000001,4.9022,0.0,0.0
39.525,0.0814,4.9022,0.0,0.0
39.576,0.08020000000000001,4.9022,0.0,0.0
39.996,0.07880000000000001,4.9022,0.0,0.0
40.047,0.0776,4.9022,0.0,0.0
40.466,0.0756,4.9022,0.0,0.0
40.517,0.0746,4.9022,0.0,0.0
40.937,0.07339999999999999,4.9022,0.0,0.0
40.988,0.07239999999999999,4.9022,0.0,0.0
41.407,0.07139999999999999,4.9022,0.0,0.0
41.458,0.0712,4.9022,0.0,0.0
41.878,0.0702,4.9022,0.0,0.0
41.929,0.06939999999999999,4.9022,0.0,0.0
42.348,0.06799999999999999,4.9022,0.0,0.0
42.399,0.0666,4.9022,0.0,0.0
42.819,0.0648,4.9022,0.0,0.0
42.87,0.0638,4.9022,0.0,0.0
43.289,0.0622,4.9022,0.0,0.0
43.34,0.0612,4.9022,0.0,0.0
43.76,0.0598,4.9022,0.0,0.0
43.811,0.0588,4.9022,0.0,0.0
44.23,0.05739999999999999,4.9022,0.0,0.0
44.281,0.056600000000000004,4.9022,0.0,0.0
44.701,0.055200000000000006,4.9022,0.0,0.0
44.752,0.054200000000000005,4.9022,0.0,0.0
45.171,0.048,4.9022,0.0,0.0
45.222,0.0422,4.9022,0.0,0.0
45.642,0.045200000000000004,4.9022,0.0,0.0
45.693,0.048799999999999996,4.9022,0.0,0.0
46.112,0.032600000000000004,4.9022,0.0,0.0
46.163,0.0216,4.9022,0.0,0.0
46.583,0.0024000000000000007,4.9022,0.0,0.0
46.634,-0.0256,4.9022,0.0,0.0
47.053,-0.05,4.9022,0.0,0.0
47.104,-0.0546,4.9022,0.0,0.0
47.524,-0.05720000000000001,4.9022,0.0,0.0
47.576,-0.0516,4.9022,0.0,0.0
47.994,-0.045200000000000004,4.9022,0.0,0.0
48.046,-0.0424,4.9022,0.0,0.0
48.465,-0.038400000000000004,4.9022,0.0,0.0
48.517,-0.0364,4.9022,0.0,0.0
48.935,-0.033800000000000004,4.9022,0.0,0.0
48.987,-0.032,4.9022,0.0,0.0
49.405,-0.0306,4.9022,0.0,0.0
49.458,-0.0304,4.9022,0.0,0.0
49.876,-0.0294,4.9022,0.0,0.0
49.928,-0.028999999999999998,4.9022,0.0,0.0
50.346,-0.028399999999999998,4.9022,0.0,0.0
50.399,-0.0274,4.9022,0.0,0.0
50.817,-0.026600000000000002,4.9022,0.0,0.0
50.869,-0.026600000000000002,4.9022,0.0,0.0
51.288,-0.0264,4.9022,0.0,0.0
51.34,-0.0264,4.9022,0.0,0.0
51.759,-0.0264,4.9022,0.0,0.0
51.81,-0.0262,4.9022,0.0,0.0
52.229,-0.026600000000000002,4.9022,0.0,0.0
52.281,-0.027200000000000002,4.9022,0.0,0.0
52.7,-0.0274,4.9022,0.0,0.0
52.751,-0.027600000000000003,4.9022,0.0,0.0
53.17,-0.027200000000000002,4.9022,0.0,0.0
53.222,-0.0262,4.9022,0.0,0.0
53.641,-0.0252,4.9022,0.0,0.0
53.692,-0.0246,4.9022,0.0,0.0
54.111,-0.025,4.9022,0.0,0.0
54.162,-0.026000000000000002,4.9022,0.0,0.0
54.582,-0.0274,4.9022,0.0,0.0
54.633,-0.028800000000000003,4.9022,0.0,0.0
55.052,-0.029199999999999997,4.9022,0.0,0.0
55.103,-0.028599999999999997,4.9022,0.0,0.0
55.523,-0.029199999999999997,4.9022,0.0,0.0
55.574,-0.0294,4.9022,0.0,0.0
55.993,-0.028599999999999997,4.9022,0.0,0.0
56.044,-0.0288,4.9022,0.0,0.0
